{
  "placeholderImages": [
    {
      "id": "testimonial-1",
      "description": "A happy customer who is a boy",
      "imageUrl": "https://images.unsplash.com/photo-1508837343119-07658b146487?crop=entropy&cs=tinysrgb&fit=max&fm=jpg&ixid=M3w3NDE5ODJ8MHwxfHNlYXJjaHwxfHxwb3J0cmFpdCUyMGJveXxlbnwwfHx8fDE3NTk2NzMxNDV8MA&ixlib=rb-4.1.0&q=80&w=1080",
      "imageHint": "portrait boy"
    },
    {
      "id": "testimonial-2",
      "description": "Another happy customer",
      "imageUrl": "https://images.unsplash.com/photo-1561740303-a0fd9fabc646?crop=entropy&cs=tinysrgb&fit=max&fm=jpg&ixid=M3w3NDE5ODJ8MHwxfHNlYXJjaHwxfHxwb3J0cmFpdCUyMHBlcnNvbnxlbnwwfHx8fDE3NTk2NzMwNDB8MA&ixlib=rb-4.1.0&q=80&w=1080",
      "imageHint": "portrait person"
    },
    {
      "id": "testimonial-3",
      "description": "A third happy customer",
      "imageUrl": "https://images.unsplash.com/photo-1525599428495-0441bd5c67de?crop=entropy&cs=tinysrgb&fit=max&fm=jpg&ixid=M3w3NDE5ODJ8MHwxfHNlYXJjaHw2fHxwb3J0cmFpdCUyMHBlcnNvbnxlbnwwfHx8fDE3NTk2NzMwNDB8MA&ixlib=rb-4.1.0&q=80&w=1080",
      "imageHint": "portrait person"
    }
  ]
}