{
  "entities": {
    "User": {
      "$schema": "http://json-schema.org/draft-07/schema#",
      "title": "User",
      "type": "object",
      "description": "Represents a user of the Boss OS platform.",
      "properties": {
        "id": {
          "type": "string",
          "description": "Unique identifier for the user."
        },
        "googleId": {
          "type": "string",
          "description": "Google ID of the user (for Google Sign-In)."
        },
        "email": {
          "type": "string",
          "description": "Email address of the user.",
          "format": "email"
        },
        "name": {
          "type": "string",
          "description": "Name of the user."
        },
        "createdAt": {
          "type": "string",
          "description": "Timestamp indicating when the user account was created.",
          "format": "date-time"
        }
      },
      "required": [
        "id",
        "email",
        "name"
      ]
    },
    "DigitalProduct": {
      "$schema": "http://json-schema.org/draft-07/schema#",
      "title": "DigitalProduct",
      "type": "object",
      "description": "Represents a digital product created by a user.",
      "properties": {
        "id": {
          "type": "string",
          "description": "Unique identifier for the digital product."
        },
        "userId": {
          "type": "string",
          "description": "Reference to User. (Relationship: User 1:N DigitalProduct)"
        },
        "title": {
          "type": "string",
          "description": "Title of the digital product."
        },
        "description": {
          "type": "string",
          "description": "Description of the digital product."
        },
        "productType": {
          "type": "string",
          "description": "Type of digital product (e.g., course, ebook)."
        },
        "createdAt": {
          "type": "string",
          "description": "Timestamp indicating when the digital product was created.",
          "format": "date-time"
        },
        "salesPageUrl": {
          "type": "string",
          "description": "URL of the auto-generated sales page.",
          "format": "uri"
        },
        "stripeProductId": {
          "type": "string",
          "description": "Stripe Product ID for monetization."
        },
        "googleDriveFileId": {
          "type": "string",
          "description": "Google Drive file ID where the PDF is stored."
        }
      },
      "required": [
        "id",
        "userId",
        "title",
        "description",
        "productType",
        "createdAt"
      ]
    },
    "ProductCharter": {
      "$schema": "http://json-schema.org/draft-07/schema#",
      "title": "ProductCharter",
      "type": "object",
      "description": "Represents the blueprint or charter for a digital product.",
      "properties": {
        "id": {
          "type": "string",
          "description": "Unique identifier for the product charter."
        },
        "digitalProductId": {
          "type": "string",
          "description": "Reference to DigitalProduct. (Relationship: DigitalProduct 1:1 ProductCharter)"
        },
        "outline": {
          "type": "string",
          "description": "Detailed outline of the product charter (modules, lessons, quizzes)."
        },
        "pageCount": {
          "type": "number",
          "description": "Number of pages in the digital product (e.g., e-book)."
        },
        "theme": {
          "type": "string",
          "description": "Theme of the digital product (eg., mystical, AI marketing)."
        }
      },
      "required": [
        "id",
        "digitalProductId",
        "outline",
        "pageCount"
      ]
    },
    "UVZAnalysis": {
      "$schema": "http://json-schema.org/draft-07/schema#",
      "title": "UVZAnalysis",
      "type": "object",
      "description": "Represents the Unique Value Zone (UVZ) analysis for a digital product idea.",
      "properties": {
        "id": {
          "type": "string",
          "description": "Unique identifier for the UVZ analysis."
        },
        "digitalProductId": {
          "type": "string",
          "description": "Reference to DigitalProduct. (Relationship: DigitalProduct 1:1 UVZAnalysis)"
        },
        "skills": {
          "type": "string",
          "description": "User's skills input for the UVZ analysis."
        },
        "painPoints": {
          "type": "string",
          "description": "Audience pain points input for the UVZ analysis."
        },
        "marketGaps": {
          "type": "string",
          "description": "Market gaps identified by the AI."
        },
        "productIdea": {
          "type": "string",
          "description": "Digital product idea generated by the UVZ analysis."
        },
        "matchPercentage": {
          "type": "number",
          "description": "Match percentage indicating the relevance of the product idea."
        }
      },
      "required": [
        "id",
        "digitalProductId",
        "skills",
        "painPoints",
        "marketGaps",
        "productIdea",
        "matchPercentage"
      ]
    },
    "AIProductSearch": {
      "$schema": "http://json-schema.org/draft-07/schema#",
      "title": "AIProductSearch",
      "type": "object",
      "description": "Represents the result of an AI-powered digital product search.",
      "properties": {
        "id": {
          "type": "string",
          "description": "Unique identifier for the AI product search result."
        },
        "digitalProductId": {
          "type": "string",
          "description": "Reference to DigitalProduct. (Relationship: DigitalProduct 1:1 AIProductSearch)"
        },
        "searchTerm": {
          "type": "string",
          "description": "The search term used to identify trending digital products."
        },
        "trendingMarketAnalysis": {
          "type": "string",
          "description": "Analysis of the trending market related to the digital product."
        }
      },
      "required": [
        "id",
        "digitalProductId",
        "searchTerm",
        "trendingMarketAnalysis"
      ]
    },
    "CoverImage": {
      "$schema": "http://json-schema.org/draft-07/schema#",
      "title": "CoverImage",
      "type": "object",
      "description": "Represents the cover image for a digital product.",
      "properties": {
        "id": {
          "type": "string",
          "description": "Unique identifier for the cover image."
        },
        "digitalProductId": {
          "type": "string",
          "description": "Reference to DigitalProduct. (Relationship: DigitalProduct 1:1 CoverImage)"
        },
        "imageUrl": {
          "type": "string",
          "description": "URL of the cover image.",
          "format": "uri"
        },
        "altText": {
          "type": "string",
          "description": "Alternative text for the cover image."
        }
      },
      "required": [
        "id",
        "digitalProductId",
        "imageUrl",
        "altText"
      ]
    }
  },
  "auth": {
    "providers": [
      "google"
    ]
  },
  "firestore": {
    "/users/{userId}": {
      "schema": "User",
      "description": "Stores user profile information."
    },
    "/users/{userId}/digitalProducts/{productId}": {
      "schema": "DigitalProduct",
      "description": "Stores digital products created by a user."
    }
  }
}
